6,R0059
6,R0059
6,R0059
6,R0063
6,R0061,49,07 
|
6,R0059
6,R0059
6,R0059
6,R0063
6,R0061,49,07 
6,R0059
6,R0059
6,R0059
6,R0063
6,R0061,52,34 
|
6,R0059
6,R0059
6,R0059
6,R0063
6,R0060,44,49 
|
6,R0059
6,R0059
6,R0059
6,R0063
6,R0060,54,26 
|
6,R0059
6,R0059
6,R0059
6,R0063
6,R0060,55,01 
|
6,R0059
6,R0059
6,R0059
6,R0063
6,R0060,56,04 
|
|
|
|
6,R0059
6,R0059
6,R0059
6,R0063
6,R0061,55,51 
|
6,R0059
6,R0059
6,R0059
6,R0063
6,R0061,58,27 
|
6,R0059
6,R0059
6,R0059
6,R0063
6,R0062,23,01,32 
|
6,R0059
6,R0059
6,R0059
6,R0063
6,R0060,33,19 
|
6,R0059
6,R0059
6,R0059
6,R0063
6,R0060,34,45 
|
6,R0059
6,R0059
6,R0059
6,R0063
6,R0060,38,59 
|
6,R0059
6,R0059
6,R0059
6,R0063
6,R0060,40,46 
|
6,R0059
6,R0059
6,R0059
6,R0063
6,R0060,42,14 
|
